<?xml version="1.0" encoding="UTF-8"?><rss version="2.0"
	xmlns:content="http://purl.org/rss/1.0/modules/content/"
	xmlns:dc="http://purl.org/dc/elements/1.1/"
	xmlns:atom="http://www.w3.org/2005/Atom"
	xmlns:sy="http://purl.org/rss/1.0/modules/syndication/"
	
	>
<channel>
	<title>
	Komentar untuk muhammat-suchaimi.online	</title>
	<atom:link href="/comments/feed/" rel="self" type="application/rss+xml" />
	<link>/</link>
	<description></description>
	<lastBuildDate>Wed, 20 Mar 2024 01:32:49 +0000</lastBuildDate>
	<sy:updatePeriod>
	hourly	</sy:updatePeriod>
	<sy:updateFrequency>
	1	</sy:updateFrequency>
	<generator>https://wordpress.org/?v=6.4.3</generator>
	<item>
		<title>
		Komentar di Halo dunia! oleh Seorang Komentator WordPress		</title>
		<link>/halo-dunia/#comment-1</link>

		<dc:creator><![CDATA[Seorang Komentator WordPress]]></dc:creator>
		<pubDate>Wed, 20 Mar 2024 01:32:49 +0000</pubDate>
		<guid isPermaLink="false">/?p=1#comment-1</guid>

					<description><![CDATA[Hai, ini merupakan sebuah komentar.
Untuk mulai memoderasi, mengedit, dan menghapus komentar, silakan kunjungi layar Komentar di dasbor.
Avatar komentator diambil dari &lt;a href=&quot;https://en.gravatar.com/&quot;&gt;Gravatar&lt;/a&gt;.]]></description>
			<content:encoded><![CDATA[<p>Hai, ini merupakan sebuah komentar.<br />
Untuk mulai memoderasi, mengedit, dan menghapus komentar, silakan kunjungi layar Komentar di dasbor.<br />
Avatar komentator diambil dari <a href="https://en.gravatar.com/">Gravatar</a>.</p>
]]></content:encoded>
		
			</item>
	</channel>
</rss>
